model_display,precision_%,recall_%,f1_%,auc_%
WavLM,99.84848484848484,98.94894894894894,99.39668174962291,99.91001159172716
Wav2Vec2,99.32330827067668,99.17417417417418,99.24868519909842,99.9598921720818
AASIST,84.1042345276873,96.92192192192192,90.05929543076387,98.08877726484948
RawNet3,73.52941176470588,50.67567567567568,60.0,72.12703674328958
